Driver Users User ID,Driver Users Metro ID,Latitude,Longitude,Driver Rating
7605,6,34.03062,-118.36891,5
17462,6,34.0179,-118.31785,3
5779,6,34.06061,-118.43235,3
24087,6,33.97080994,-118.3793411,3
23049,6,34.04014,-118.45337,5
2948,6,33.89907,-118.3453,5
18196,6,34.16993,-118.37988,5
8706,6,33.88482,-118.30964,5
39690,6,33.75464,-116.96381,4
10368,6,34.15646,-118.43085,5
39342,6,34.05262,-118.54725,4
30401,6,33.90382,-118.32808,4
1482,6,34.04889,-118.43837,5
3492,6,34.09674,-118.34751,5
38776,6,33.87161,-118.37045,5
24088,6,34.05686,-118.39415,5
2271,6,34.02038,-118.46984,5
29149,6,33.92536,-118.24903,5
5076,6,34.03158,-118.333,5
2234,6,34.20018,-118.46428,5
6330,6,33.90382,-118.32808,3
19592,6,33.9446,-117.9261,3
17656,6,34.03824,-118.43453,5
23499,6,33.79072,-117.21651,3
11421,6,33.93942,-118.23199,3
29635,6,34.02608871,-118.4904099,5
37392,6,34.0269,-118.16213,5
21924,6,33.95423126,-118.3875885,5
19630,6,34.00253,-118.30344,3
2171,6,34.04102,-118.38466,3
23466,6,33.95172,-118.31236,5
19747,6,33.97537667,-118.3816767,5
5051,6,34.19586,-118.41458,5
28721,6,34.00365,-118.42642,4
22736,6,34.03366,-118.46872,5
25025,6,34.01756,-118.35442,5
19662,6,34.0179,-118.31785,3
39806,6,34.50445,-117.56783,5
40201,6,34.02894,-118.41283,5
39688,6,34.00947,-118.2639,3
10894,6,34.10974,-117.90818,3
11628,6,34.06943,-118.29329,5
29151,6,33.97262,-118.3516,4
32788,6,33.98706,-118.41417,5
38103,6,34.02797,-118.31647,3
28136,4,37.42538071,-121.9731903,5
8856,4,37.39861,-122.08266,3
5166,4,37.41638133,-121.9622682,5
23608,4,38.05063,-121.38021,5
4999,4,37.58768,-122.07822,5
5780,4,37.36187,-121.82185,5
16437,4,37.311535,-121.965504,4
5037,4,37.27296,-121.92229,5
17209,4,36.884474,-121.641722,5
27378,4,37.24012,-121.88614,5
2094,4,37.37548,-122.0269,5
30923,4,37.64832,-122.48702,4
24487,4,37.25729,-121.81994,5
20883,4,37.46638,-122.23553,3
4711,4,37.28514,-121.818172,4
6570,4,37.53958,-121.96236,4
21334,4,37.33586,-121.93087,5
7135,4,37.39076,-121.85544,5
2464,4,37.50481,-122.2606,5
25217,4,37.32957,-121.76937,5
24570,4,37.25168,-121.94212,5
21046,4,37.47787,-122.18452,4
25150,4,37.24583,-121.86468,5
24213,4,37.31568,-121.88534,5
4720,4,37.28514,-121.818172,5
30627,4,37.27094,-122.02798,5
6574,4,37.52548,-121.98327,5
3486,4,37.31554,-121.79552,4
22937,4,37.45614,-122.25415,5
4713,4,37.24030117,-121.9069668,5
9760,4,37.53415,-121.92392,5
19088,4,37.27614,-121.9156,3
16250,4,37.29732,-121.92681,5
2534,4,37.84625,-122.2201,3
22373,4,37.40531,-121.8533,5
9736,4,37.36728,-121.890351,4
24711,4,37.45978,-121.90288,5
14323,4,37.41783,-121.92835,5
10563,4,37.29674,-121.94319,5
23976,4,37.30869,-121.94927,5
6991,4,37.29452067,-121.8552557,5
25494,4,37.23518,-121.83187,5
17766,4,37.68265,-122.15723,3
18818,4,37.25634667,-121.81691,3
7189,4,37.5905,-122.00178,5
23817,4,37.26984,-121.89014,3
22515,4,37.28897,-121.86324,5
31939,1,37.66399,-122.461,3
9245,1,37.68283,-122.48643,5
4418,1,37.70614,-122.45665,5
39807,1,38.11608,-122.26076,5
24099,1,37.69298,-122.14538,3
12927,1,38.72962,-121.2938,5
4267,1,37.70882,-122.46179,5
38020,1,37.70293,-122.47445,5
18632,1,37.785592,-122.430924,3
36965,1,37.78521,-122.41598,3
12080,1,37.63223,-122.43045,3
10293,1,37.71878,-122.48199,5
40243,1,37.76457,-122.46284,5
42571,1,37.75491,-122.488,5
9722,1,38.14774,-122.26009,5
39045,1,37.68952,-122.46394,3
19837,1,37.91814,-122.31506,3
20838,1,37.78352,-122.20978,5
9931,1,37.73958,-122.41753,5
8197,1,37.59836,-122.40837,5
4140,1,37.77765,-122.48059,5
2946,1,37.7176,-122.46556,5
520,1,37.77550125,-121.9670792,5
38794,1,37.72133,-122.4361,5
4460,1,37.68887,-122.4945,4
41983,1,37.76072,-122.4205,4
42756,1,37.77038,-122.40106,3
12624,1,37.98021,-122.02068,4
43198,1,37.73075,-122.39436,4
14359,1,38.03832,-122.2669,4
12103,1,37.69926,-122.46471,3
32458,1,37.99245,-122.04825,4
11474,1,37.58,-122.3252,5
25965,1,37.77813,-122.28287,5
39995,1,37.99569983,-121.8928805,4
37680,1,37.759426,-122.435147,5
19382,1,37.91710074,-122.3231244,3
30143,1,37.78008,-122.40859,3
2004,1,37.64748,-122.11129,5
29622,57,32.79112,-116.95041,5
15170,57,32.70356,-117.08651,5
17985,57,32.81097,-116.95748,5
28001,57,32.70356,-117.08651,5
30614,57,32.92752,-117.13947,5
31937,57,32.71921,-117.14233,5
24274,57,32.7197,-117.23107,5
31359,57,32.58919,-117.01914,5
14258,57,33.01663,-117.27941,5
17710,57,32.76479,-117.11803,3
28786,58,38.41514,-121.39293,5
16961,58,38.68969,-121.27329,5
26534,58,38.69518,-121.35976,5
35962,58,38.77315,-121.38423,3
14375,58,38.58769,-121.40881,5
17840,58,38.60956,-121.44972,4
16416,58,38.47912,-121.43332,3
20083,58,38.50105,-121.41967,5
22650,58,38.41133,-121.41423,3
17630,58,38.46269,-121.40959,5
26459,58,38.6019395,-121.3951063,5
16148,58,38.63517,-121.4236,5
11376,34,33.83388,-117.98182,5
21943,34,33.76259,-117.96239,5
3263,34,33.63065,-117.87638,5
30118,34,33.66318667,-117.9165567,5
26531,34,33.81126333,-117.9902033,3
5455,34,33.6963095,-117.738368,3
4893,34,33.56773,-117.63503,5
5626,34,33.79037,-117.86502,5
26529,34,33.75286,-117.95864,5
29125,34,33.66318667,-117.9165567,5
10710,34,33.73548,-117.97754,5
14092,34,33.84619,-117.78599,5
29121,34,33.75742,-118.00897,5
30591,19,34.25189,-118.53709,5
31404,19,34.22671,-118.50341,5
6571,19,34.21381,-118.51524,5
16301,19,34.19953,-118.47528,3
38372,19,34.19633,-118.42218,3
21946,19,34.26233,-118.51571,3
40239,19,34.16899,-118.44498,5
21523,19,34.256889,-118.602083,5
18524,19,34.18227,-118.42214,3
29723,19,34.19154,-118.54799,5
13174,19,34.1878835,-118.7845365,5
22369,19,34.15631,-118.47569,5
27916,19,34.09094867,-118.34482,5
3524,19,34.23056,-118.43099,5
32189,19,34.1717,-118.5022,3
23770,19,34.177895,-118.3834383,5
23117,50,33.77286167,-118.1858818,5
7541,50,33.84389,-118.15898,3
20077,50,33.84005,-118.12635,4
17008,50,33.8575,-118.24682,5
27032,50,33.85778633,-118.1723397,5
8801,50,33.72116,-118.2971,3
7139,50,33.829609,-118.314944,5
6351,50,33.84159,-118.34801,5
17075,50,33.9164,-118.182,5
31851,50,33.85473,-118.16548,5
38955,50,33.89579,-118.20018,5
7381,50,33.84957,-118.38045,5
28929,50,33.85778633,-118.1723397,5
22582,3,34.08123,-118.25159,3
8546,3,34.16167,-118.25413,3
32341,3,34.15103,-118.10543,3
27380,3,34.13835,-118.26334,5
9986,3,34.21701,-118.37399,5
7672,3,33.92524,-117.89047,5
31256,3,34.11265,-117.58987,4
6300,3,34.14087083,-118.3874613,5
33603,3,34.25579,-118.29064,5
13034,3,34.07064,-118.2815382,3
31255,3,34.15702,-118.2523,4
27905,3,34.13663,-118.18595,4
30950,3,34.19666,-118.39462,4
30834,3,34.08685,-118.32391,5
40601,3,34.30762,-118.43467,3
11051,3,34.13539,-118.21366,5
25144,3,34.11437,-118.19196,3
5161,3,34.09195,-118.30158,5
25161,3,34.13912,-118.25938,3
29101,3,34.16164,-117.53025,5
20031,3,34.063005,-118.2587917,5
27981,38,33.96898,-118.20352,3
28332,38,34.05453,-118.12565,3
9489,38,34.07078,-118.10137,5
18355,38,34.00574,-118.10471,5
3520,38,33.89491,-118.14646,3
30055,38,34.07737683,-118.1027963,5
31840,38,34.05793,-118.12284,5
14104,38,33.99296,-118.19788,5
26146,38,34.04488,-117.91644,5
14145,38,33.99245167,-118.19389,5
31241,38,33.96460833,-118.1601727,5
4885,38,33.97657,-118.05804,5
3896,38,33.99594,-118.05951,5
10828,38,33.9793,-118.08847,5
30581,38,34.05281,-117.84236,5
27410,38,34.10341,-117.60977,5
17761,38,33.99244,-118.19236,3
17310,49,40.93383,-73.88828,3
37934,49,40.91439967,-73.851676,3
28906,49,40.90533,-73.77351,3
30881,49,40.90367,-73.83476,3
42105,49,40.88537,-73.85361,3
42672,49,40.62986,-73.96193,3
29202,49,40.87319,-73.87625,3
22169,49,40.76365,-74.03637,4
35469,49,40.81342,-73.92337,3
42465,49,40.82371,-73.86433,3
30414,49,40.8382,-73.94369,3
25542,49,40.83683,-73.92953,3
22083,49,40.91251667,-73.86022167,3
22255,49,40.91172667,-73.89639833,3
22063,49,40.815562,-73.860356,3
22030,49,40.94776,-73.89897,3
36057,49,40.82068,-73.89374,3
39100,49,40.818061,-73.924595,3
40546,49,41.58239,-73.07728,3
32086,49,40.89825,-73.84875,3
42079,49,40.90906,-73.84456,3
42114,49,28.51046,-81.31245,3
42100,49,40.82836,-73.83131,3
40424,49,40.83042,-73.90151,4
11297,49,40.83486,-73.91945,3
42101,49,40.9511,-73.83792,3
9251,49,40.92117,-73.81706,3
42464,49,41.20995,-73.88372,3
30988,49,40.88306,-73.89657,3
31983,49,41.01265167,-73.64386,3
42740,49,40.87252,-73.82624,4
41834,49,40.8507045,-73.88487633,3
39902,49,40.69924,-73.78682,5
22522,49,40.89308,-73.8592,3
42461,49,40.872056,-73.82472,3
42931,49,40.72411,-74.21596,3
27217,49,40.82986,-73.85461,3
37401,49,40.85458,-73.89928,3
43611,49,40.87353,-73.84743,3
40549,49,40.84133,-73.8811,4
41897,49,40.92989,-73.89136,3
10764,49,40.86294,-73.91903,3
35952,49,40.93585,-73.77192,3
39099,49,40.8486,-73.90819,3
17763,49,40.83974,-73.84433,3
19870,49,40.91131667,-73.8948,4
11807,49,40.86725,-73.85453,3
42099,49,40.82836,-73.83131,3
42932,49,40.8256,-73.86862,3
42459,49,40.9723,-73.88713,3
26570,49,40.866071,-73.822843,5
42098,49,40.88886,-73.84861,3
40544,49,40.89155,-73.78285,3
32083,49,40.874976,-73.829176,3
43546,49,40.87001,-73.90155,5
39901,49,40.82997,-73.91314,3
38363,49,41.59195,-73.04443,5
41555,49,40.86432,-73.88953,4
32304,49,41.0041,-73.67012,3
25053,11,40.74942183,-74.18020567,3
23518,11,40.860532,-74.19495,5
35998,11,40.72123,-74.08044,3
42356,11,40.68899,-74.234,3
29517,11,40.88876367,-74.0647535,3
40309,11,40.70089,-74.07724,3
29269,11,40.99916,-74.27494,3
16370,11,40.74988,-74.21566,3
25539,11,40.68879433,-74.209396,3
25004,11,40.71346,-74.25466,3
17304,11,40.8379,-74.08516,3
38733,11,40.91359,-74.15446,3
41440,11,40.66841,-74.23159833,3
25238,11,40.85358,-74.13806,3
25055,11,40.79405833,-74.00047667,3
40344,11,40.62044144,-74.08071899,3
40539,11,40.68274,-74.26002,3
20446,11,40.81785,-74.22344,3
24428,11,40.88975,-74.15235,3
31169,11,40.90194,-73.98836,5
40313,11,40.79434,-74.00753,3
28088,11,40.76340833,-74.192545,3
1863,11,40.76099014,-74.20990753,3
40220,11,40.86778,-74.08245,3
23662,11,40.77911817,-74.2484005,3
23052,11,41.42235283,-74.15503467,4
31915,11,41.12088,-74.02737,3
25711,11,33.57635,-86.7234,3
7590,11,40.92627,-74.15457,5
36507,11,40.8364845,-74.064136,5
26027,11,40.759792,-74.037772,3
39544,11,40.70741,-74.09291,3
30572,11,40.86028,-74.10385933,4
17468,11,40.70971,-74.20849,3
26412,11,34.79623067,-92.25568933,3
21293,11,40.90586,-74.15839,5
36256,11,40.66794,-74.11367,3
9526,11,40.77018,-74.28369,5
8514,8,38.87862,-77.28688,4
23181,8,39.01587,-77.41674,3
2571,8,39.012594,-77.496795,4
41439,8,38.74019,-77.08577667,3
42669,8,38.90757,-77.03143,3
40219,8,38.76144,-77.08812,3
31154,8,38.922195,-76.840581,3
40217,8,39.040906,-76.993175,3
18733,8,38.76954269,-76.9021759,3
31711,8,38.80978,-77.12816,3
8375,8,39.15072,-77.17229,3
4444,8,39.08533,-76.9413,3
42805,8,38.87117,-77.29036,3
41829,8,38.9875,-77.02754,3
10913,8,38.8318755,-77.12735033,4
30341,8,38.84722,-77.08956,3
42948,8,38.95232,-77.06936,3
21578,8,38.95424424,-76.88325539,3
14467,8,38.96318,-77.03398,3
27206,8,38.39992,-77.43716,3
42928,8,38.85505,-76.89407,3
7236,8,38.77344,-76.79054,3
18715,8,38.87651,-77.19829,3
27365,8,38.7944,-77.13985,3
40320,8,38.88178,-76.94293,3
31240,8,38.98713,-77.02808,5
29068,8,38.99840683,-76.86379083,3
17493,8,38.92699,-77.217846,3
20307,8,39.16055,-77.20631,3
42668,8,39.185,-77.23775,3
18863,8,38.92129,-77.03329,3
30901,8,39.08336283,-76.939074,3
13246,8,38.93008,-76.88444,3
32452,8,38.95279,-76.96018,3
1261,8,38.97494,-77.02649,3
20527,8,38.84875,-77.08386,3
17222,8,39.23385,-76.84175,3
35686,8,39.12382,-76.84725,3
21760,8,38.72302,-77.12954,3
14003,8,38.85320667,-76.91582667,3
24470,8,38.72333,-77.09269,3
15952,8,38.98842,-76.97997,3
14523,8,38.84672,-77.44655,3
26913,8,39.048726,-78.148724,3
29513,8,38.838398,-77.116806,3
28165,8,38.72302,-77.12954,4
29418,8,38.889,-76.88939,3
32302,8,39.06277,-77.48023,3
32402,8,38.78832,-76.99927,3
31979,8,39.14514,-77.17109,5
24493,8,38.99044633,-76.8322385,3
38106,8,38.86881,-76.93324,5
5605,8,38.55798067,-77.32095833,3
25233,8,38.965079,-77.002069,4
23164,8,38.95386,-76.91013,3
1386,8,38.84643,-77.11675333,5
18790,8,38.88439,-76.8321,3
40319,8,38.9037,-76.89609,3
17980,8,39.01365,-76.97314,3
32110,8,39.0685,-77.11714,3
14421,8,38.87863,-77.22721,3
29067,8,38.96504,-76.97706,3
3202,8,38.88706,-76.76904,3
6000,8,39.20692,-77.26895,4
24235,65,28.26327,-82.30097,5
31328,65,27.98533,-82.44014,3
42981,65,27.93621483,-82.40714233,3
15907,65,27.48094,-82.60895,3
42666,65,28.03219,-82.59012,3
37784,65,27.80128,-82.71449,3
29173,65,28.23391,-82.39187,3
21619,65,27.86755,-82.30682,3
15964,65,27.99575,-82.58882,3
41830,65,27.91171,-82.29663,3
43246,65,27.96426,-82.49954,3
16140,65,27.99453,-82.69772,5
20043,65,27.885825,-82.829265,3
43017,65,28.07833,-82.42106,3
18128,65,28.00915,-82.42792,3
20991,65,28.05234909,-82.60600281,5
42665,65,28.06756,-82.53825,3
42667,65,27.992,-82.55272,3
24361,65,28.17421,-82.31749,3
28087,65,27.80606,-82.30558,3
27282,65,28.02923,-82.52445,3
26578,65,27.92531,-82.75644,5
42907,65,28.064478,-82.506077,3
32501,65,28.06721,-82.48828,3
37007,65,28.25692,-82.69579,3
42988,13,47.22031,-122.50814,3
25553,13,47.76176,-122.24455,3
36939,13,47.4909,-122.32173,3
40248,13,47.13373398,-122.3402806,3
28552,13,47.84791,-122.23699,3
42694,13,47.492075,-122.3100265,3
6851,13,47.89254,-122.24741,5
32364,13,47.71711,-122.29364,3
8349,13,47.09184,-122.40566,3
42023,13,47.11982,-122.30434,3
31362,13,47.82649,-122.3209,3
37079,13,47.56488,-122.18051,3
29820,13,47.3004,-122.31922,3
42512,13,47.30842,-122.30976,3
39855,13,47.43285,-122.21329,4
13058,13,47.77051,-122.30207,5
12992,13,47.73147,-122.33498,3
12458,13,47.32616,-122.21862,5
42762,13,47.8961,-122.2482,3
14478,13,47.42153,-122.19512,3
42091,13,47.46621,-122.27443,3
32588,13,47.74274,-122.31992,4
40021,13,47.40945,-122.29751,3
20401,13,47.86606,-121.81079,3
24510,13,47.66443,-122.31162,3
35194,13,47.32276,-122.17999,3
42110,13,47.90513667,-122.2147783,3
22430,13,47.44579,-122.17789,3
24686,13,47.71292,-122.35508,4
23214,13,47.47293,-122.28713,3
5460,13,47.72648,-122.3144,4
42695,13,47.73265,-122.21562,3
43284,13,47.86344037,-122.255523,3
42909,13,47.533119,-122.279056,3
42696,13,47.518,-122.26774,3
42422,13,47.89007,-122.15935,3
38905,13,47.76336,-122.24535,3
41446,13,45.65741,-122.55892,3
35539,13,47.3574,-122.30506,3
8888,13,47.400384,-122.220527,3
43296,13,48.05279,-122.124,3
42513,13,47.85901,-122.2881,3
42910,13,47.86755,-122.27387,3
7143,13,48.16023,-122.19361,3
28483,13,47.63294033,-122.1345423,3
41958,13,47.38075,-122.09535,3
36966,13,47.87506,-122.28677,3
6033,13,47.30872,-122.20682,3
43286,13,47.37728,-122.27588,3
38906,13,33.35496,-111.86031,3
42989,13,45.96852,-118.38942,3
17157,61,29.465311,-98.649125,4
40297,61,29.516178,-98.573596,5
39301,61,29.50618,-98.5551,4
28208,61,34.99767,-78.92697,3
30523,61,29.50546,-98.59095,3
20898,61,29.508764,-98.564219,4
40451,61,29.54485,-98.69905,4
39392,61,29.6764,-98.64306,3
13738,61,29.47113,-98.64207,5
17152,61,29.38903,-98.67863,3
21693,61,29.39924,-98.69591,3
21586,61,29.51722,-98.61892,3
29537,61,29.49445,-98.58358,4
21809,61,29.552033,-98.573446,3
43689,61,29.31353,-98.39336,3
43341,64,40.86297,-79.8988,3
32439,64,40.39798,-79.99101,3
14642,64,40.40494,-79.77522,3
43207,64,40.60763,-80.25797,3
43380,64,40.54411,-79.99303,3
32399,64,40.48075,-79.84335,3
41894,64,40.61219,-80.27137,5
39094,64,40.48191,-80.00197,3
24186,64,40.37503,-80.04951,3
16562,64,40.40734,-80.01295,3
32563,64,40.4188,-79.99442,3
42906,64,40.42143,-79.78827,3
43409,64,40.75788,-80.48292,3
17362,64,40.47,-80.06366,3
43381,64,40.32324,-80.06696,3
42663,64,40.60879,-79.74242,3
42179,64,40.41701,-79.99458,5
17199,64,40.50557,-79.84324,5
20174,64,40.43545,-80.01503,3
43382,64,40.52489,-80.23496,3
42736,64,40.68390667,-80.12688717,3
37638,64,40.40857,-79.98831,3
24139,64,40.46543,-79.86321,4
22002,64,40.34321,-79.85163,4
43470,30,32.23025,-110.91442,3
33033,30,33.57401,-112.18295,5
41364,30,33.61918,-112.31482,3
37672,30,33.67752,-111.95862,3
43291,30,33.24742,-111.5389,3
24661,30,33.37012,-111.84045,3
14221,30,33.74232,-112.12685,3
37140,30,33.056899,-111.482312,5
35555,30,33.74162,-112.09994,3
28315,30,33.64209,-112.25182,3
37138,30,33.44464,-112.38987,5
41365,30,33.41272,-112.26129,3
37331,30,33.30723,-111.90754,3
43487,30,33.6357,-112.39176,3
43490,30,33.49009,-112.3705,3
37166,30,33.46398,-112.23235,5
13574,30,39.549283,-104.912575,3
37444,30,33.78092,-112.11409,3
32049,30,33.46224,-111.89877,3
35876,30,33.5619,-112.18736,3
37284,30,33.303941,-111.869267,3
43293,30,33.407,-111.78433,3
43156,30,33.29383,-111.80082,3
42692,30,33.51081,-112.17872,3
35208,30,33.42453,-112.29986,3
38805,30,33.7361,-112.25423,3
18514,30,33.44365,-111.83396,3
14489,30,33.33931,-111.77913,3
43472,30,33.24616,-111.63146,3
24062,30,33.60628,-112.03539,3
37668,30,33.383692,-111.958741,5
43486,30,33.44468,-111.77329,3
28140,30,33.41651,-111.78755,3
41740,30,33.66161,-112.23597,5
43733,30,33.36939,-112.17954,3
27454,30,33.4809,-111.95368,3
28649,30,33.51754,-112.34326,3
35556,30,33.36455,-111.97448,5
37332,30,33.50031,-112.16269,3
37441,30,33.42371,-111.73971,3
37340,30,33.40148,-111.84537,3
43290,30,33.30585,-111.81884,3
35565,30,33.50399,-112.20228,3
43337,30,33.60008,-112.32209,3
13677,30,33.31394,-111.84919,3
37486,30,33.398967,-111.837911,3
27002,30,33.60226,-112.25173,3
37461,30,33.52633,-112.14893,3
32196,30,33.56121,-112.10483,3
37342,30,33.47653,-112.01134,3
42691,30,33.33582,-111.87227,3
39054,30,33.59558,-112.33114,3
43289,30,33.27988,-111.70334,3
37327,30,33.44516,-112.53618,3
14723,30,32.90307,-111.74504,5
43494,30,33.559935,-112.182125,3
43493,30,33.47987,-111.97712,3
14213,30,33.56121,-112.10483,5
42599,30,33.85697,-112.13671,3
40293,31,40.03104,-75.13136,3
43316,31,40.03755,-75.05302,3
32561,31,39.92667,-75.30066,3
42246,31,29.736153,-95.509392,3
42776,31,40.25779,-75.4682,3
22226,31,40.04768,-75.05253,3
32135,31,39.92135,-75.17072,3
32103,31,40.10376633,-75.01535617,3
42178,31,40.926396,-73.89898583,3
42901,31,40.13025,-75.01888,3
32015,31,40.03566,-75.07205,3
38304,31,40.09182,-75.02469,3
43236,31,40.04648,-75.11401,3
42773,31,40.60813,-75.35488,3
42662,31,40.16412,-75.2354,3
31900,31,39.9375,-75.25198,3
31150,31,40.07609,-75.04067,3
43170,31,39.89429,-75.29369,3
29450,31,40.00803,-75.10694,5
43615,31,39.924,-75.24126,3
32549,31,39.92361,-75.17181,3
7810,31,40.08224,-75.04933,5
29065,31,40.04081,-75.11669,3
43167,31,39.97185,-75.2116,3
28317,31,40.13131,-75.21482,3
39728,31,40.05418,-74.90355,3
6533,31,39.9395,-75.29275,5
21270,31,40.03906,-75.03754,5
32553,31,39.98558,-75.18458,5
42999,31,39.97236,-75.23483,3
37785,31,40.12027,-75.36238,3
42976,31,39.93766,-75.22084,3
42871,31,40.16376,-75.61324,3
29063,31,40.02111,-75.1125,3
18380,31,39.97284,-75.26717,5
38817,31,39.99494,-75.09874,3
40296,31,39.98402,-74.5773,3
25231,31,40.23726,-75.25118,3
18406,31,40.03906,-75.03754,3
42774,31,39.91923,-75.16686,3
42891,31,39.890385,-75.285539,3
40341,31,40.18628167,-75.088325,5
42902,31,40.0995,-74.97989,3
41394,31,40.08559,-74.9074,3
29999,31,40.148804,-74.900168,4
43616,31,40.04253,-75.11499,3
41393,31,40.2336085,-74.72738417,3
25228,31,39.94126833,-75.09323,3
39263,31,40.78674,-76.56106,3
42661,31,39.94594,-75.22017,3
43317,31,39.98611,-75.15334,3
40704,31,40.04598,-75.18739,3
40597,31,39.91037,-75.2321,3
32562,31,40.0297,-75.08969,3
28769,31,39.96644,-75.22665,3
31509,31,39.83028117,-75.441862,3
42548,31,39.63896,-75.6895,3
37975,31,39.95902,-75.26403,3
42327,31,40.08867,-74.9748,3
27359,31,40.096398,-75.027194,3
38702,31,40.04979,-75.1499,3
40703,31,39.74863,-75.53525,3
32285,31,40.04951,-75.10556,3
42974,31,40.00931,-75.15403,3
40144,29,28.50392817,-81.2871105,3
17252,29,28.497898,-81.444145,3
30814,29,28.48861,-81.32742,3
16876,29,28.11841965,-81.61904907,3
13760,29,28.43828,-81.47921,3
13755,29,28.62104,-81.18412,3
24162,29,28.40839,-81.4156,3
18115,29,28.50083,-81.45631,3
17512,29,28.06591,-81.81874,3
27200,29,28.56616,-81.31353,3
31138,29,28.3439,-81.49445,3
26825,29,28.33741,-81.49228,3
14045,29,28.49894,-81.44643,3
29061,29,28.30259,-81.5629,4
7330,29,28.59865,-81.43843,3
16056,29,28.57343313,-81.26852872,5
38105,29,28.39387,-81.38127,3
25682,29,28.31906,-81.67045,3
41449,2,41.89953,-87.99598,3
19650,2,41.769261,-88.034693,3
32592,2,41.82200983,-87.86600383,4
43055,2,41.67041,-88.49465,3
41561,2,42.38015,-88.98747,3
42491,2,41.94817,-87.95751,3
29011,2,41.91842,-87.99718,3
24724,2,41.859107,-87.979808,3
42950,2,41.786328,-88.20703833,5
27923,2,41.87071,-87.90701,3
40637,2,41.61835,-88.22991,3
43232,2,42.23522733,-88.847754,3
21391,2,41.59221,-88.03822,3
24756,2,41.704923,-88.069767,5
40636,2,41.93265,-88.07795,3
13778,2,41.75351,-87.58479,3
36103,2,41.796141,-87.956067,3
42973,2,41.555713,-87.697052,3
42538,2,41.76932,-88.0348,3
30754,2,41.92786,-88.07632,3
9600,2,41.7397,-88.04857,3
20665,2,42.049895,-87.97201833,3
39667,2,41.91649,-87.98451,4
24818,2,41.84925,-87.9999,3
36323,2,41.63385,-88.10733,3
43033,2,41.82787,-87.80242,3
31960,2,41.87597,-87.75837,3
13853,2,41.71021,-87.569,3
10829,2,41.66388,-87.62783,3
42237,2,41.71357,-88.20087,3
27147,2,41.829,-87.78567,3
42470,2,41.74012,-88.12266,3
28556,2,41.79529,-88.10966,3
38866,2,41.75642,-87.66446,3
7767,2,41.88164,-87.7823,4
8295,2,41.99611,-88.31033,5
43046,2,41.88278,-87.80908,3
24746,2,41.74307,-87.72485,3
39638,2,41.53647,-88.08733,3
43336,2,41.75088,-88.22945,3
136,2,41.78399,-88.03306,3
43234,2,41.75943,-88.32597,3
5745,2,41.82582,-87.69289,5
26985,2,41.7508485,-87.97125367,3
43434,2,42.014301,-88.082718,3
41948,90,40.84439,-73.90924,3
42039,90,40.11626,-75.3376,3
36727,90,40.8321,-73.94853,3
42804,90,40.68931,-73.85819,3
42578,90,40.73639,-73.88197,3
40433,90,40.68665695,-73.37553406,3
43331,90,40.82556,-73.87764,3
43340,90,40.83615,-73.9279,3
40511,90,40.81613645,-73.86878622,3
11689,90,40.86576,-74.02947,3
42016,90,40.86704,-73.88475,3
16336,90,40.74756,-73.90218,5
40434,90,40.54193,-74.17634,3
36728,90,40.73879,-73.88195,3
42103,90,40.95651933,-73.84260417,3
42690,90,40.72701,-74.06549,3
40438,90,40.81407,-73.95759,3
43020,90,40.69509333,-73.97459667,3
43594,90,40.84714,-73.88289,3
43332,90,40.65598,-73.9346,5
43021,90,40.85196,-73.91941,3
40436,90,40.76503,-73.98804,3
40430,90,40.78636,-73.9444,3
36056,89,40.81313,-73.85521,3
36758,89,40.82964,-73.91406,3
23263,89,40.80213,-73.93835,3
42687,89,40.91573833,-73.89556167,3
36289,89,40.8203,-73.89411,4
7536,89,40.61541,-74.15596,4
31011,89,40.87975,-73.88158,3
22402,89,40.63858,-73.91014,4
41558,89,40.84013,-73.88927,3
40568,89,40.711187,-73.983604,4
39926,89,40.84772,-73.93839,4
28358,89,40.82519,-73.91606,4
43075,89,40.88010504,-73.90709996,3
36739,89,40.79633,-73.96336,4
36279,89,40.85108,-73.89448,5
39214,89,41.49532,-74.0161,4
40100,89,40.82712,-73.8952,3
38237,89,40.71709,-73.97792,3
37043,89,40.67669391,-73.77772957,3
42579,89,40.82028,-73.95591,3
40566,89,40.67574,-73.87054,3
34389,89,40.83135,-73.94923,3
33314,89,40.86087,-73.89428,3
41821,89,40.797147,-73.969438,3
41512,89,40.83794,-73.91286,3
28503,89,40.83355,-73.9182,4
40107,89,41.35169,-74.19628,4
29177,89,40.9153,-73.84396,3
41819,89,40.81658,-73.90906,3
43725,89,40.79534,-73.96434,3
17059,89,40.71352,-73.96089,3
41947,89,40.6813005,-73.90885733,4
42064,89,40.7084,-73.78787,3
43724,89,40.81419,-73.90762,3
33316,89,40.87417,-73.88709,4
42554,89,40.838613,-73.856525,3
36912,89,40.80041,-73.94052,3
39983,89,40.64387,-73.9538,3
25930,89,40.86167,-73.89598,3
40373,89,40.79777,-73.94971,5
40567,89,40.84024,-73.92223,3
40363,89,40.63036,-73.96807,3
36717,89,40.6731,-73.86774,3
39982,89,40.83356,-73.94339,4
43726,89,40.830991,-73.905144,3
38827,89,40.61394,-74.06933,3
37046,89,40.64883,-73.84086,3
37500,89,40.65274,-73.93807,3
41824,89,40.62158,-73.99468,4
40418,89,40.87218,-73.8848,3
38670,89,40.79657,-73.94345,4
39990,89,40.71108,-73.99447,4
19108,89,40.64904,-73.93097,3
9725,89,40.83708,-73.87123,3
36718,89,40.83848,-73.92666,4
41470,89,40.8518,-73.91955,3
39923,89,40.82332,-73.93931,5
42785,89,40.83112,-73.91834,3
38743,89,40.82212,-73.86993,3
36287,89,40.848108,-73.935873,3
37038,89,40.76212968,-73.86108537,3
38473,89,40.82987,-73.89759,3
40345,89,40.68556,-73.95491,3
39924,89,41.125658,-74.064827,3
40347,89,40.81088,-73.94272,3
38552,89,40.67055,-73.86388,3
39334,89,40.71246,-73.98316,3
35650,89,40.67315,-73.77687,3
37032,89,40.63453,-73.96398,3
38828,89,40.930217,-73.900783,3
22923,89,40.68944,-73.86997,3
43064,89,40.81779,-73.93921,3
22056,89,40.75983541,-73.8022308,3
35792,89,40.755733,-73.359061,3
32575,89,40.75519,-73.23953,3
35087,89,40.80603,-73.94233,3
43019,89,40.68093,-73.97088,3
36286,89,40.75642,-73.7982,3
8431,89,40.647917,-73.97438,3
40717,89,40.83048,-73.91769,3
37051,89,40.64792,-73.90929,3
42947,89,39.188678,-75.519097,3
36044,89,40.59717,-73.77219,5
41469,89,40.84927,-73.89913,3
42504,89,40.73744484,-73.86292516,3
38595,62,44.79371,-93.50947,3
16940,62,45.24443,-93.51717,3
30463,62,44.9304,-93.21885,3
22698,62,45.00725,-93.12291,3
38455,62,45.20393183,-93.232495,3
28756,62,45.1073,-93.3707,3
40653,62,44.87647,-93.04408,3
40596,62,44.948,-93.18832,3
42653,62,45.17967,-93.11024,3
42968,62,44.84167,-93.46801,3
42573,62,45.0746,-93.27568,3
30453,62,45.03313,-93.17396,5
43608,62,44.71544,-93.2138,3
28655,62,44.96297,-93.26804,3
43029,62,44.88704,-93.4156,3
16157,62,45.08889,-93.2736,3
29749,62,44.658815,-93.231674,3
36321,62,44.95319,-93.17044,3
36605,62,44.92811,-93.15478,5
43030,62,44.06673,-92.49563,3
42979,62,45.06147,-93.20393,3
31669,62,44.90556,-93.26666,3
19624,62,44.92483,-93.41755,3
42382,62,44.88401,-93.475,3
14226,62,44.78071117,-93.27423333,3
42208,62,45.03852,-93.21498,3
18072,62,44.98619,-93.23348,3
42535,62,44.74009,-93.31494,3
42949,62,44.9173,-93.48735,5
43251,27,25.95833,-80.18294,3
42543,27,25.912477,-80.228635,3
8687,27,25.69661,-80.4596,3
13892,27,25.6756,-80.42803,5
39894,27,25.77997,-80.23148,3
43250,27,25.761801,-80.190499,3
17380,27,25.68976,-80.44461,3
31768,27,25.96792,-80.24893,3
41488,27,25.82445,-80.24539,3
42498,27,25.94097,-80.26685,3
16419,27,25.89397,-80.31044,3
38462,27,25.62219,-80.3726,5
43035,27,25.94939,-80.20322,3
39648,27,25.687935,-80.314614,3
26024,27,25.69791,-80.44289,3
29053,27,25.66809167,-80.44160167,3
42469,27,25.66314,-80.32608,3
14639,27,25.96861,-80.18222,3
38223,27,25.80569,-80.18731,5
42734,27,25.78049,-80.23064,3
28498,27,25.44802763,-80.4731917,3
42542,27,25.9969,-80.14384,3
39895,27,25.91958,-80.17117,3
3404,27,25.90951,-80.17781,5
14638,27,25.76093,-80.34885,3
42541,27,25.84959,-80.23999,3
28497,27,25.62397656,-80.41075826,3
42892,27,25.57901,-80.35918,3
42497,27,25.91752,-80.28591,3
31504,27,25.54651,-80.36938,3
38495,27,25.76696,-80.22231,3
13976,27,25.86686,-80.33039,3
7458,27,25.88004,-80.27661,3
27970,27,25.73005,-80.30352,4
29758,27,25.88786,-80.21502,3
42560,27,25.76541,-80.24118,3
43241,27,26.03037283,-80.13525817,3
32099,27,25.7624,-80.2883,3
42544,27,25.7523,-80.238,3
42735,27,25.75102,-80.24066,3
30764,27,40.70389,-73.95599,3
30909,27,25.51435,-80.38111,3
21990,27,25.85037,-80.18682,3
29052,27,25.53635,-80.40206,3
38496,27,25.78171,-80.39729,3
30330,27,25.73414,-80.35514,3
32526,52,40.856084,-73.900306,3
10372,52,40.65734,-73.92593,3
11199,52,40.82067,-73.90082,3
26908,52,40.8113,-73.95244,5
42038,52,40.84099,-73.91121,3
42333,52,40.82789,-73.89918,3
43344,52,40.727218,-74.179144,3
40091,52,40.84539,-73.90494,4
17609,52,40.8413,-73.86336,3
36716,52,40.83254,-73.86895,4
34101,52,40.82604,-73.89106,3
18169,52,40.77291,-73.89886,3
21406,52,40.68716,-73.8585,5
43318,52,40.841735,-73.858548,3
23278,52,40.75959,-73.89775,3
42941,52,42.93352,-78.82792,3
42553,52,40.78259,-73.94973,3
32169,52,40.82771,-73.9372,3
43220,52,40.908339,-73.876707,3
35116,52,40.67713,-73.88142,3
43319,52,40.72678,-74.20745,3
31012,52,40.86796,-73.89575,3
31184,52,40.83712,-73.92317,3
17876,52,40.63917,-73.99917,3
41508,52,40.72726833,-74.18231,3
43534,52,40.82212483,-73.8958305,3
42987,52,40.7858,-73.9475,3
42503,52,40.59085333,-73.78852,4
21395,52,40.84606,-73.93571,3
18232,52,40.866543,-73.893558,3
38009,52,40.72415,-73.74518,3
39991,52,40.80081,-73.95212,3
21117,52,40.794637,-73.95073583,3
41816,52,40.69118,-73.80154,3
11564,52,40.84205,-73.93804,5
41562,52,40.77315267,-73.98753167,5
43222,52,40.87397,-73.87532,3
40092,52,40.84103,-73.91048,3
32664,52,40.87131,-73.88237,3
42783,52,40.865842,-73.9208759,3
38000,52,40.6755,-73.95106,3
28078,52,40.87231,-73.90041,4
27303,52,40.83779,-73.91812,3
9374,52,40.66366,-73.88665,3
43282,52,40.75174183,-73.9983295,3
43630,52,40.83064,-73.91631,3
19236,52,40.7055,-73.59493,3
26376,52,40.60595,-73.98208,3
39445,52,40.67898,-73.84467,5
42259,52,40.8141693,-73.84554848,3
32166,52,40.70813,-73.7971,3
29630,52,40.83495667,-73.875095,4
33584,52,40.79102,-73.93996,3
42329,52,40.807969,-73.854213,3
11200,52,40.82819,-73.93731,5
21863,52,40.86392,-73.92364,3
43226,52,40.81745,-73.84687,3
39919,52,40.81036,-73.94397,5
42551,52,40.68756,-73.83599,5
22861,52,40.87188,-73.86793,3
9864,52,40.83368,-73.92596,3
32926,52,40.78802,-73.94835,3
16388,52,40.80839,-73.91855,5
41564,52,40.8705,-73.86918,3
38004,52,40.84302,-73.88153,3
40085,52,40.82745,-73.90575,3
39396,52,40.78908,-73.93993,3
41814,52,40.85693,-73.90621,5
42552,52,40.6524,-73.95034,3
20707,52,40.86584,-73.89978,3
38039,52,40.70701,-73.80183,3
7682,52,40.72676,-74.0446,4
41941,52,40.88185,-73.88374,3
40498,52,40.78154,-74.0174,3
25959,52,40.7931,-73.9465,3
38578,52,40.83467,-73.91595,3
43219,52,40.81792,-73.94427,3
43225,52,40.85864,-73.8983,3
38322,52,40.8309,-73.93849,5
32667,52,40.81596,-73.95409,3
9934,52,40.85578,-73.92801,3
42036,52,40.78916,-73.94598,3
42343,52,40.81042,-73.93831,3
22135,52,40.66419,-73.89633,5
36866,52,40.82064,-73.89241,3
38236,52,40.82336,-73.89201,4
13291,52,40.80148,-73.96194,3
38755,52,40.716065,-73.986199,3
38323,52,40.85434,-73.90353,3
12262,52,40.87795,-73.90651,5
40379,52,40.83593,-73.88427,4
40177,52,40.85835,-73.89572,3
11040,52,40.83089,-73.88831,3
19992,52,40.79046,-73.94356,3
25964,52,40.81183,-73.91918,5
9713,52,40.78648,-73.94006,4
10516,52,40.84581,-73.88826,4
39443,52,40.86724,-73.84771,3
26371,52,40.70392,-73.71872,3
42943,52,40.80277,-73.94573,3
40094,52,40.83683,-73.92953,3
41940,52,40.59017,-73.63882,3
11472,52,40.83619,-73.94188,3
7055,52,40.80284,-73.93945,3
41982,52,40.84813,-73.91103,3
38003,52,40.68416,-73.79346,3
11099,52,40.85253,-73.86475,3
33383,55,40.74026,-73.92178,3
36556,55,40.7274,-74.18056,3
42450,55,40.82037,-73.90602,3
35091,55,40.81357,-73.958,3
36296,55,40.80969,-73.94188,5
33504,55,40.83317,-73.89904,3
33435,55,40.72592,-73.84875,3
39601,55,40.73004,-74.07114,3
33393,55,40.737587,-74.246851,5
43388,55,40.80204,-73.95237,3
34649,55,40.83896,-73.88214,5
33466,55,40.82996,-73.91279,3
36696,55,40.66012,-73.95252,3
33632,55,40.74195,-73.92394,3
34847,55,40.78736,-73.94305,3
33249,55,40.84997,-73.89833,3
34825,55,40.8265,-73.87977,3
34683,55,40.72953,-74.06881,5
35852,55,40.80322266,-73.95220184,3
42449,55,40.85307,-73.91008,3
41960,55,40.82182,-73.89611,3
36290,55,40.83698,-73.91896,3
36295,55,40.73388833,-74.07169667,3
33358,55,40.789869,-73.979473,3
33498,55,40.87506,-73.88118,4
33329,55,40.86941,-73.88885,3
33574,55,40.689468,-73.921509,3
36700,55,40.763117,-73.994445,3
33451,55,40.864292,-73.891312,3
33474,55,40.848838,-73.906947,4
33271,55,40.67615,-73.79896,3
38182,55,40.84197,-73.93645,3
33238,55,40.64234,-73.89244,3
38440,55,40.82669,-73.87795,3
33519,55,40.86159,-73.9043,3
35654,55,40.86316,-73.921,5
39802,55,40.85839,-73.88654,3
39616,55,40.79542,-73.93441,3
38180,55,40.81696,-73.95667,3
33364,55,40.74641463,-73.91325103,5
36695,55,40.66983245,-73.84790513,3
34933,55,40.61172,-74.07845,3
41493,55,40.76388,-73.91202,3
39792,55,40.82579,-73.86923,3
33633,55,40.71224,-73.81622,3
34650,55,40.689223,-73.987421,4
43321,55,40.73479,-73.97693,3
41770,55,40.85941,-73.86254,3
34601,55,40.87709,-73.87436,3
33384,55,40.68445,-73.91238,4
42265,55,40.88467,-73.97978,3
42507,55,40.68195,-73.95418,3
33484,55,40.80456,-73.95191,3
34129,55,40.67753,-73.90757,3
41967,55,40.67884,-73.87175,3
43067,55,40.79884,-73.94252,3
39791,55,40.679228,-73.9448205,3
43325,55,40.74424,-73.99905,3
41780,55,40.84291,-73.86443,3
35713,55,42.24375153,-83.60305023,3
41867,55,40.712336,-74.086386,3
41494,55,40.8441,-73.90568,5
33456,55,40.71661,-73.78556,3
36872,55,40.83328,-73.91544,3
35221,55,40.875785,-73.828912,3
40163,55,40.78997,-73.97094,4
37647,55,40.84362,-73.92355,3
34607,55,40.65393,-73.94016,3
33438,55,40.74299,-74.04012,3
39785,55,40.82206,-73.94966,3
43597,55,40.74168,-73.90189,3
34716,55,40.83393,-73.87515,3
36699,55,40.81968,-73.956994,3
35704,55,40.72043,-73.98661,3
35646,55,40.80213,-73.93835,3
35648,55,40.83071,-73.87571,3
33462,55,40.68562,-73.92415,3
35850,55,40.72492,-73.97401,4
33506,55,40.701532,-73.907448,3
43327,55,40.74708,-73.87895,3
33664,55,40.88464,-73.85624,3
43418,55,40.64011,-73.97298,3
34604,55,40.66889,-73.92578,3
41499,55,40.83084,-73.87413,3
34701,55,40.66551,-73.95723,3
34788,55,40.6614,-73.90496,4
39598,55,40.82799,-73.8782,4
43324,55,40.80552,-73.91912,3
33518,55,40.88967,-73.86139,3
43520,55,40.71792,-74.07859,3
33636,55,40.69792,-73.92232,3
33458,55,40.65402,-73.94849,3
41781,55,40.81002,-73.94653,3
34629,55,40.73766,-73.99375,3
41776,55,40.70813,-73.7971,3
39595,55,40.83248,-73.91693,3
34826,55,40.80792,-73.91967,3
31017,55,40.86047,-73.90166,3
35609,55,40.80989,-73.92044,3
43326,55,40.86483,-73.90474,3
35644,55,40.59672,-73.95476,3
35762,55,40.73739317,-74.05855617,3
41764,55,40.8657,-73.92191,4
42140,55,40.71425,-73.79515,3
43329,55,40.88929,-73.85511,3
33196,55,40.74367,-73.97401,4
40159,55,40.748929,-73.890229,3
34491,55,40.63827,-73.91866,3
33454,55,40.91093,-73.89193,3
34787,55,40.83614,-73.92987,4
33363,55,40.69313,-73.91751,3
35919,55,40.83423,-73.92011,3
33492,55,40.82757,-73.89872,4
33353,55,40.79973,-73.96166,3
43521,55,40.88757,-73.8502,3
33448,55,40.723576,-73.51544,3
34685,55,40.85356,-73.91814,3
43323,55,40.83632,-73.91467,3
41779,55,40.67363,-73.93993,3
42267,55,40.7517,-73.8222,3
34127,55,40.81982,-73.93852,3
34501,55,40.89582,-74.10094,3
33527,55,40.80538,-73.94532,3
41922,55,40.63643,-73.98328,3
35761,55,40.80739,-73.94028,5
41810,55,40.72478,-73.89965,3
33703,55,40.63869,-73.94229,3
36404,55,40.70093,-74.09894,3
34714,55,40.72515167,-74.07045833,3
34786,55,40.69437,-74.09047,4
41964,55,40.85049,-73.90786,4
36539,55,40.59227711,-73.76403254,3
41503,55,40.83709,-73.85351,3
33381,55,41.02457,-73.78165,3
33217,55,40.72792333,-73.97716333,3
41970,55,40.80566,-73.94198,3
36693,55,40.83107,-73.88144,3
34686,55,40.68698,-73.91535,5
39810,55,40.70023,-73.81166,3
41959,55,40.58402,-74.15802,4
34931,55,40.757,-74.21095,3
33503,55,40.81468,-73.94179,5
33278,55,40.7537,-73.88264,3
33421,55,40.64068,-74.08566,4
43522,55,40.64575,-73.96356,3
33638,55,40.850656,-73.900224,5
43596,55,40.91467,-73.81834,3
43387,55,40.744632,-73.882434,3
33526,55,40.69099,-73.79609,3
39786,55,40.67553167,-73.911395,4
35525,55,40.80201,-73.95538,3
34364,55,40.8878,-73.83385,3
33579,55,40.8261,-73.94594,3
34723,55,40.69161,-73.94379,3
42508,55,40.73587,-73.86283,3
33629,55,40.86802,-73.86425,3
28924,26,36.05057,-115.29219,5
23158,26,36.28018,-115.18079,3
18021,26,36.14347,-115.3129,3
1365,26,36.175981,-115.251814,5
14350,26,36.12287,-115.26273,3
31340,26,36.20916,-115.15739,3
13241,26,36.25322,-115.1314,3
7820,26,36.31092,-115.18998,3
42268,26,36.13526,-115.23643,3
24209,26,36.281,-115.16852,3
21305,26,36.282395,-115.293239,3
18192,26,36.27556,-115.12923,3
22641,26,36.199385,-115.2595817,3
42269,26,36.14565,-115.15056,3
13996,26,33.559594,-84.401533,3
18448,26,36.05616,-115.2869,3
42282,26,36.17771,-115.09783,3
31339,26,36.19345,-115.17304,3
18119,26,36.27695,-115.33057,3
27234,26,36.01907,-115.27976,3
39734,26,36.12751,-115.31132,3
38370,26,36.12334833,-115.1936467,3
42306,26,36.22205,-115.30027,3
13266,26,36.029,-115.13806,3
25240,26,36.26458,-115.1865,3
30411,26,36.02665,-114.9611,3
38371,26,36.26025391,-114.8663712,3
39663,26,36.11054,-115.12632,3
42905,91,40.03453,-76.30279,3
43184,91,40.33313,-75.92656,3
4926,91,40.07488,-76.27002,3
43618,91,40.022352,-76.538935,3
43602,91,39.98502,-76.01702,3
42705,91,40.25963,-76.11489,3
43530,91,40.37518,-76.307865,3
43582,91,39.90662,-76.14521,3
43044,91,40.031999,-76.41904467,3
42904,91,40.03707,-76.3117,3
43638,91,40.03486983,-76.232822,3
42710,91,40.09185,-76.16852,4
42842,91,40.08759,-76.22625,3
42929,91,40.02227,-75.1646,3
42707,91,40.15994,-76.39069,3
42975,91,40.03103,-76.31873,3
43183,91,40.03379,-76.25956,3
43697,91,40.30216,-75.97502,3
42872,91,39.96036,-76.51086,3
43043,91,40.084138,-76.187289,3
43624,91,39.9531,-75.90745,3
43314,91,40.108873,-76.50377267,3
43692,91,40.16363,-76.15578,3
43544,91,40.08805,-76.64049,3
42951,91,40.04229767,-76.2979505,4
43180,91,40.15394783,-76.088192,3
42006,88,42.037077,-88.143086,3
42054,88,42.2123,-88.04885,3
38061,88,42.1663,-88.26839,4
38351,88,41.99834,-88.12482,3
39256,88,42.135041,-88.011832,4
42107,88,42.02508,-88.26527,3
38341,88,42.13962,-88.31235,3
39194,88,42.077635,-88.023376,3
38635,88,42.13176,-88.25494,5
42108,88,41.95088,-87.87403,4
38634,88,42.06231,-87.86062,4
38943,88,42.50105,-88.33809,4
38235,88,41.99493,-87.68308,5
41839,88,42.163255,-87.950536,3
38704,88,42.06396167,-88.27595433,3
41838,88,41.696107,-88.115602,3
42007,88,41.950705,-88.26031,3
38612,88,42.24999,-88.28162,5
20659,88,42.39852,-87.89255,5
41981,88,42.3897,-88.18575,3
24639,63,39.0777,-94.38494,3
19515,63,38.80167,-94.49164,5
30089,63,39.19980783,-94.577387,5
16727,63,38.99683,-94.46488,3
19904,63,39.10177,-94.53624,3
30085,63,38.93257333,-94.53454,3
42965,63,38.90602,-94.63611,3
31874,63,38.80266,-94.44704,3
40447,63,38.98245,-94.61044,3
40652,63,38.95705,-94.70465,3
24849,63,39.07972,-94.40205,4
18742,63,39.04292,-94.64637,3
24558,63,39.56515,-94.45052,3
14036,63,38.98175,-94.37465,3
42884,63,39.06636,-94.4492,3
32531,63,38.97264,-94.70363,3
16729,63,38.95224,-94.59745,3
17997,63,39.111973,-94.376191,3
27297,63,38.93305,-94.3539,3
42235,35,29.67876,-95.65767,3
13379,35,29.47805,-95.29351,5
28699,35,29.73983333,-95.50732333,3
41859,35,29.67138,-95.5882,3
39706,35,29.66706667,-95.31479667,3
21517,35,29.95555,-95.5093,3
13365,35,29.60751,-95.50752,3
31658,35,29.77074,-95.76042,3
22567,35,29.82151,-95.75336,4
27263,35,32.783839,-97.350002,3
25700,35,29.95524,-95.50043,5
21769,35,29.78726,-95.65541,5
29587,35,29.72359,-95.66021,3
21691,35,29.87885275,-95.67696498,3
13370,35,29.56255,-95.69626,3
29584,35,29.70073,-95.59726,5
23782,35,30.13879,-95.45041,3
39297,35,29.934847,-95.311565,3
1250,35,29.66663,-95.49706,5
17431,35,29.74633,-95.58701,3
42366,35,29.96092,-95.47502,3
21384,35,29.64619,-95.14882,3
27261,35,30.00422,-95.49664,3
35889,35,29.95046,-95.29527,3
42882,35,29.64242,-95.62583,3
22526,35,29.86308,-95.65886,3
6026,35,29.6495,-95.22091,3
14975,35,29.65941,-95.11154,4
39635,35,29.8649,-95.72324,3
41861,35,29.75464,-95.64203,3
22525,35,29.68329,-95.52553,5
19699,35,30.65727,-96.28985,3
7814,35,30.08066,-95.49966,3
29859,35,29.98984,-95.43965,5
19770,35,29.48974,-95.07089,3
30509,35,29.72274,-95.61509,3
19836,35,29.72286,-95.56082,3
18132,35,30.04316,-95.37905,3
41797,35,29.73483,-95.51494,3
27393,35,29.746532,-95.585075,5
26757,35,29.93753,-95.40889,3
7895,35,29.64223,-95.20665,3
18093,35,30.06098,-95.23643,5
42236,35,29.98843,-95.62301,3
25732,35,29.6773435,-95.4822885,3
43238,35,30.10613,-95.432429,3
21680,35,29.56399,-95.13021,3
9982,54,42.90687,-85.8423,3
26889,54,42.85442417,-85.64617217,3
41437,54,42.77317,-86.13618,5
33088,54,42.907652,-85.563662,3
31893,54,42.88474667,-85.847344,5
12685,54,42.92394,-85.63939,5
30290,3,34.17804,-118.36237,3
28777,3,34.03791,-118.3685,3
1007,3,34.19424,-118.39252,3
21612,3,34.10562,-118.19267,3
27123,3,34.15116,-118.27024,3
28779,3,34.21322,-118.23761,3
38806,3,34.16686,-118.30421,3
29392,3,34.16568,-118.26435,3
30839,36,26.18254,-80.19158,3
30841,36,25.96651,-80.21526,3
3672,36,26.02472,-80.32649,3
43635,36,26.2536345,-80.18832767,3
22799,36,26.127888,-80.264765,4
11162,36,26.01181,-80.35584,4
42242,36,26.01428,-80.33333,3
21206,36,26.15219,-80.2441,3
39088,36,26.27008,-80.25253,3
40473,36,26.13738,-80.22892,5
40472,36,26.17511,-80.28185,4
42889,36,26.21666,-80.09834,3
39087,36,26.134198,-80.291292,3
42243,36,26.29143,-80.1285,3
40476,36,26.296198,-80.109327,3
21580,36,25.66342,-80.43204,3
36095,36,26.002271,-80.294967,3
16003,36,26.15875,-80.14608,3
36096,36,26.12531333,-80.15733,3
43542,36,26.06713,-80.22198,3
15954,36,25.82324,-80.27157,3
42241,36,26.27064,-80.23754,3
29755,36,26.3021,-80.1984,5
4068,36,26.25254,-80.17664,3
39643,36,26.19144583,-80.1747825,3
13907,36,26.19591,-80.21876,5
40475,36,26.26598,-80.11944,3
37621,36,26.20084,-80.27987,3
40535,36,26.36326,-80.0853,3
16296,36,26.01865,-80.14485,3
5975,36,26.0001,-80.29631,3
38337,7,41.75642,-87.66446,3
28187,7,41.9769,-87.69861,3
36996,7,41.71487,-87.68032,4
31962,7,42.0665,-87.83734,5
43230,7,41.84743,-87.7201,3
3889,7,41.80375,-87.74393,3
39061,7,41.68544,-87.63405,3
28356,7,42.17569,-87.96811,3
13482,7,41.73297119,-87.54953003,3
38336,7,41.59216,-87.65552,4
31802,7,41.77341,-87.56689,3
22727,7,41.74164,-87.54454,3
24968,7,41.74837,-87.5568,3
29552,7,41.89092,-87.88037,3
28344,7,41.79547,-87.62134,3
31644,7,41.77726,-87.63219,3
39775,7,41.76214,-87.69453,3
10113,7,41.937607,-87.67423133,3
13511,7,41.63826,-87.63091,3
28239,7,41.55036,-87.66332,3
32037,7,41.9173,-87.80572,3
36999,7,42.02965667,-87.6812325,5
20732,7,42.03339167,-87.96358,3
35415,7,41.7207,-87.62655,3
34536,7,41.6982,-87.76198,4
29890,7,41.7584,-87.65534,3
18136,7,41.67678,-87.68595,3
31634,7,41.95334,-87.70956,3
16144,7,41.869495,-87.71828567,4
38457,7,41.580905,-87.690217,3
42531,7,41.61197,-87.58176,3
42855,7,41.98924,-87.65577,3
26924,7,41.96341,-87.71164,3
42494,7,42.03632,-87.88621,4
38130,7,41.89644,-87.69758,3
40290,7,41.74743,-87.7379,3
31324,7,42.15183,-88.01309,3
43267,7,41.68971,-87.6503,3
40522,7,41.71802,-87.82948,3
42495,7,41.61841,-87.5532,3
18286,7,41.52973,-87.77877,4
38058,7,41.756421,-87.943816,5
12748,7,41.937607,-87.67423133,3
42990,7,42.01178,-87.6729,3
43268,7,41.52471367,-87.42249567,3
36600,7,42.104209,-87.900279,3
42765,7,41.74745,-87.63401,3
8553,7,41.6752,-87.67571,3
31418,7,41.70883,-87.56416,4
18397,7,41.74457817,-87.60416,3
25171,7,41.97375,-87.697,3
40524,7,41.76011,-87.56673,3
28603,7,41.95287233,-87.77122733,5
40523,7,41.77747,-87.70273,3
32256,7,41.73939,-87.56448,3
39993,7,41.98279,-87.71028,3
42227,7,42.04573,-87.74901,3
24763,7,41.90788,-87.67408,3
38132,7,41.60794,-87.52558,3
30196,7,41.50817,-87.33131,5
42644,7,41.5906,-87.59515,4
20082,7,41.90573,-87.71566,5
42645,7,41.8573,-87.79575,3
32038,7,41.7731,-87.68749,3
38809,7,41.968522,-87.739728,4
38338,7,41.905924,-88.205882,3
26269,7,41.74404,-87.66779,3
17002,7,41.887494,-87.80144433,3
40289,7,41.70474,-87.61648,4
12476,7,42.061439,-87.865995,3
41898,7,41.87789,-87.74953,3
43266,7,41.93663,-87.75544,3
38610,7,41.55617,-87.64923,4
43026,7,41.73286,-87.64265,3
29939,7,41.75736,-87.58379,3
42723,7,41.79937,-87.65415,3
41708,7,41.75478,-87.62676,3
2918,7,41.99078,-87.65642,3
40117,59,39.72602,-104.82902,3
20971,59,39.76054,-104.83328,5
18580,59,39.69487,-104.91317,3
42233,59,39.49809,-104.7508,3
43203,59,39.722616,-104.8070998,3
41794,59,39.7696,-104.75908,3
27922,59,39.685851,-104.88343,3
26974,59,39.777435,-104.984936,3
40116,59,39.71784,-104.81492,3
39148,59,38.91076,-104.70665,3
21555,59,39.85836,-105.04026,3
21015,59,39.24401,-104.98386,3
26876,59,39.61561,-104.98466,3
26829,59,39.88291,-105.10281,3
41795,59,39.73462,-104.99129,5
27463,59,39.9418,-104.9406,3
43191,59,39.79058949,-104.8302308,3
42806,59,39.8356,-105.05612,3
43270,59,39.84076,-104.9219,5
43334,59,39.86024183,-105.0754927,3
43333,59,39.883956,-105.094522,3
30257,59,39.7319,-105.01875,5
42833,59,39.72378,-105.07429,3
39420,59,39.6658,-105.0392,3
39077,59,38.89515,-104.81363,3
17271,59,39.63638,-104.82246,3
18592,59,39.84536,-104.98155,3
35120,59,39.68228,-104.86158,3
39364,59,39.75609,-105.00094,3
28381,59,39.72791,-104.85488,3
35160,59,39.7506,-104.90718,4
43202,59,39.69346,-104.88045,3
39419,59,39.69750833,-104.9300517,3
39274,59,39.53484,-104.872224,5
19946,59,39.68665,-104.86497,5
16266,59,39.71383,-104.85154,3
28730,45,32.87941,-96.85747,3
11444,45,33.00022,-96.80368,3
42638,45,33.149475,-96.702642,3
38292,45,32.91202,-96.71976,3
12070,45,32.54947,-96.86205,3
31389,45,32.904426,-96.722326,3
43275,45,33.18704,-96.79375,3
43310,45,32.99624,-96.80339,3
43669,45,33.10262,-96.63983,3
42782,45,33.05767,-96.77477,3
5408,45,32.88101,-96.7167,3
42768,45,33.20204,-96.64536,3
43311,45,33.00583,-96.84735,3
28221,45,32.90379,-96.71134,3
18147,45,32.71944,-96.60005,3
4855,45,32.92494,-96.37457,5
29323,45,33.08368,-96.72538,3
30492,45,33.00553,-97.00072,3
29972,45,33.38693,-96.54877,4
31378,45,33.03919,-96.75663,5
8103,45,32.86188,-96.68529,3
16050,45,32.98474,-96.6354,3
20617,45,33.01048,-96.82261,3
30097,45,32.90801,-96.71395,3
11563,44,32.65517,-97.36671,5
41855,44,32.85570483,-97.004382,3
12810,44,32.83539,-97.40769,3
6631,44,32.95191,-97.29916,3
5920,44,32.58885574,-96.94826508,3
9794,44,32.76844,-97.18374,3
11534,44,32.685374,-97.370705,3
39174,44,32.84855,-97.21931,4
42532,44,32.8568915,-97.32317583,3
23454,44,32.7455,-97.28199,3
13912,44,35.49029,-97.56691,3
42561,44,32.75191,-97.36169,3
39189,44,32.84686,-96.74802,3
13910,44,32.73834,-96.99365,5
42640,44,32.6603725,-97.40714733,3
21234,44,32.81959,-97.09187,5
42726,44,32.71552,-97.44109,3
42639,44,32.73589333,-97.42662,5
31385,44,32.66178,-97.04314,5
39146,44,32.71014,-97.28978,3
7792,44,32.80225167,-97.42722333,3
43028,44,32.56966,-97.36474,3
5360,44,32.67327,-97.21419,3
31832,44,32.54699,-97.11921,3
39631,44,32.68244,-97.36497,3
40469,46,32.87927,-96.84924,3
30176,46,33.11796,-96.74746,4
39292,46,33.033612,-96.986634,3
42229,46,33.17877,-96.71843,3
42346,46,32.8558,-97.2543,3
20571,46,33.19491,-96.68613,3
25207,46,32.837547,-96.754218,3
5424,46,32.99492,-96.87787,3
42429,46,33.14127,-96.93116,5
40446,46,33.19981,-97.13199,5
39417,46,32.78967,-96.69893,3
20362,46,32.84876317,-97.11620967,5
31648,46,33.24796,-97.13776,3
8560,46,33.16897,-97.14447,5
42650,46,33.21404,-97.10963,3
42031,46,32.72975,-96.88829,3
27448,46,33.746886,-96.54846,3
42300,46,33.09786,-96.90387,3
12564,46,33.01068,-97.22775,3
31447,46,33.04719,-97.02374,3
42926,46,33.02079,-97.26475,3
42473,46,32.86686333,-96.99492833,3
43366,46,32.99048867,-97.06585133,3
39824,46,33.18898,-97.12345,3
42230,46,33.21376,-97.16304,3
43671,46,33.039807,-96.929249,3
42649,46,33.25107,-97.14572,3
42299,46,32.8676255,-96.75828117,3
20551,46,33.00525,-97.01319,3
43346,46,33.25906,-97.13605,3
41857,46,33.14991,-97.06614,4
24750,46,33.19003,-96.99803,3
29001,46,33.01386,-96.99115,3
39776,46,32.86814867,-96.9787095,3
43432,46,33.22319,-96.76998,3
13377,23,32.82517,-97.1147,3
43361,23,32.92807733,-96.946356,3
23830,23,32.94399,-96.81635,5
41752,23,32.99472,-96.8686,3
38202,23,32.734133,-97.0670015,3
42724,23,32.8511893,-96.63527691,3
42426,23,32.57708,-96.79698,4
39186,23,32.73283,-97.01705,3
17853,23,33.00022,-96.80368,3
40136,23,32.92297,-96.71782,3
35886,23,32.58777,-96.84821,3
20026,23,32.91868,-96.71465,3
17634,23,32.61494,-96.85253,5
29899,23,32.80883,-97.15377,3
6723,23,33.24618,-95.89956,3
38858,23,32.89217,-96.72593,3
14477,23,32.75253,-96.6205,3
31869,23,32.56955,-96.85598,3
28867,23,32.799608,-97.056158,3
26744,23,33.0204,-96.75697,3
5419,23,32.730061,-96.987067,3
25526,23,32.59599,-96.92053,3
41852,23,32.57148,-96.84977,3
42575,23,32.93602,-96.76662,3
14278,23,32.96801,-96.59766,3
23629,23,32.707366,-97.06726083,3
41791,23,32.86716683,-96.75612233,3
41854,23,32.86250167,-96.86434817,3
28374,23,32.99441,-96.93373,3
42483,23,32.85094817,-97.118298,3
42646,23,32.84846,-97.07787,3
8171,23,32.96686,-96.58836,3
29895,23,32.90132,-96.71288,3
43141,23,32.95442862,-96.76858479,3
30870,23,32.933945,-96.722951,3
38070,23,32.904427,-96.717993,3
23403,23,32.69113,-96.57626,3
11850,23,30.32504,-97.69973,3
29902,23,32.865746,-96.76182,3
42228,23,32.974613,-96.975143,3
29968,23,32.63117,-96.79376,3
31521,67,39.92115,-82.82511,3
14200,67,39.93813,-82.88484,3
24832,67,39.93656,-82.97265,3
16583,67,40.08432,-83.0945,3
30271,67,40.01663,-82.9664,3
13602,67,39.93551,-83.09644,3
13606,67,40.088969,-82.995495,5
13610,67,40.05642,-83.05632,3
30906,67,41.41995,-82.1932,3
22488,67,39.90207,-83.08452,3
28743,67,39.99306,-83.15016,3
16424,67,39.87034,-82.82735,3
36232,22,39.2026,-84.45857,3
16862,22,39.14612,-84.62015,3
22760,22,39.17269,-84.46386,3
30678,22,39.1528,-84.64774,3
14228,22,39.40538,-84.50767,3
36235,22,39.28422,-84.6752,3
18637,22,39.0886,-84.59857,3
21003,22,41.869765,-88.341236,3
16716,22,39.23879,-84.581251,3
24182,22,39.06961,-84.49723,3
18895,22,39.351085,-84.46901,5
16996,22,39.06518867,-84.11835683,3
17193,66,35.18017,-80.73651,3
41999,66,35.29776,-80.71318,3
20182,66,35.35103,-80.40331,3
31115,66,35.32568359,-80.73975372,3
41978,66,35.30339,-81.54014,3
31335,66,34.95850917,-81.013533,3
28879,66,35.25478,-80.67096,3
28398,66,35.44045,-80.76125,3
17094,66,35.05404817,-80.87023683,3
17453,66,35.02034,-80.593,3
31116,66,35.640421,-80.911801,5
18262,66,35.480257,-80.877648,3
28172,66,35.31638,-80.90748,3
42993,51,40.70455,-73.78344,3
5760,51,40.667907,-73.950181,3
19401,51,40.68876,-73.94711,5
32872,51,40.68451,-73.85601,3
30016,51,40.66148,-73.91421,5
7286,51,40.63977,-74.01334,3
42151,51,40.64403,-73.89979,3
42559,51,40.67554,-73.90909,3
21906,51,40.71998,-73.89326,3
42744,51,40.72806,-73.86014,3
43570,51,40.68984,-73.80534,3
6769,51,40.82271,-73.90477,3
37985,51,40.699035,-73.747871,3
32412,51,40.76291,-73.88165,3
42152,51,40.75439,-73.24536,3
42155,51,40.68093799,-73.837505,3
10386,51,40.66003,-73.92403,3
8049,51,40.616368,-73.969598,3
42256,51,40.67926,-73.78069,3
37983,51,40.65493,-73.95506,3
42745,51,40.57207,-73.99503,3
38314,51,40.66632,-73.95323,3
37982,51,40.75676,-73.89869,3
30711,51,40.648777,-73.883288,3
42253,51,40.6232,-73.90734,5
23642,51,40.65836,-73.91256,3
26601,51,40.68718,-73.84019,3
42851,51,40.67424,-73.76114,3
42934,51,40.64119,-73.95717,3
19393,51,40.76425,-73.73401,5
42677,51,40.67997,-73.79331,3
7497,51,40.63257,-74.03524,3
43593,51,40.63223,-73.89551,3
6782,51,40.63755,-73.90002,3
28161,51,40.71057,-73.93434,3
23603,51,40.6722,-73.78101,3
11801,51,40.66226,-73.9032,3
18573,51,40.65788,-73.95159,3
8244,51,40.62173,-73.91443,3
39917,51,40.67758,-73.91481,3
42746,51,40.88542,-73.84957,3
12260,51,40.59836,-73.99219,3
7626,51,40.6786,-73.87204,4
6819,51,40.60639,-73.99831,3
7019,51,40.66691,-73.90901,3
40358,51,40.65812,-73.92229,3
42558,51,40.67617,-73.961,3
30015,51,40.64742867,-73.89716,3
14732,51,40.67627,-73.59239,3
15896,51,40.67601,-73.81142,3
42676,51,40.65924,-73.9106,3
38081,51,40.65176,-73.73478,3
40079,51,40.74536,-73.89912,3
9267,51,40.66479,-73.91414,5
40710,51,40.63847833,-73.9433,3
31487,51,40.66949,-73.78439,3
32311,51,40.65488,-73.73325,3
6820,51,40.83351,-73.86462,5
42997,51,40.69276,-73.82995,3
37984,51,40.63115,-73.95719,3
10870,51,40.59407,-73.75291,3
31921,51,40.63596167,-73.92033167,5
11686,51,40.63685,-73.95167,3
42153,51,40.721048,-73.989059,3
41990,51,40.63885,-73.91246,3
19498,51,40.68375688,-73.86338393,3
25049,51,40.64468,-73.96368,5
42154,51,40.64516,-74.00006,3
32942,51,40.72749,-73.8942,3
10470,51,40.6155,-74.15427,3
19357,51,40.70071,-73.75534,3
42158,51,40.70832534,-73.73627969,3
7199,51,40.793,-72.86281,3
10887,51,40.77913,-73.79876,3
38080,51,40.68134,-73.85006,3
9905,51,40.59512,-73.93546,5
18120,51,40.67138,-73.90607,3
37988,51,40.69834,-73.79338,3
17696,51,40.62569,-73.9353,3
15898,51,40.69969,-73.91807,3
8511,51,40.702061,-73.908091,3
42679,51,40.73197174,-74.17420959,4
25514,51,40.62619,-74.14819,3
43572,51,40.56454,-74.18474,3
43244,51,40.63308,-73.89279,3
6990,51,40.69595133,-73.974688,3
30018,51,40.62989,-74.01843,3
28068,51,40.65989,-73.91485,3
37997,51,40.70365,-73.74238,5
11549,51,40.63002,-73.92395,3
42258,51,40.69967,-73.75482,3
32312,51,40.69373,-73.74016,3
25062,51,40.70120817,-73.73889655,3
36270,32,40.63821,-73.9779,3
29697,32,40.66793,-73.58935,3
37126,32,40.69505,-73.92229,3
43557,32,40.82368,-73.89034,3
42019,32,40.82845,-73.94315,3
41521,32,40.75295,-73.87581,3
29194,32,40.69998,-73.98235,3
39321,32,40.628901,-73.957453,3
36578,32,40.629054,-73.943231,5
42395,32,40.74144,-73.88647,3
34369,32,40.62735,-73.91634,3
13988,32,40.66055,-73.9452,3
31298,32,40.3216725,-75.944744,3
26287,32,40.69329,-73.93754,5
37129,32,40.63996,-73.94499,3
39422,32,40.64167,-73.99576,5
6463,32,40.67894,-73.80278,3
35449,32,40.64972,-73.91759,3
40485,32,40.66016,-73.94007,5
30370,32,40.64314,-73.90447,3
34089,32,40.63965,-74.09097,3
4083,32,40.70329,-73.72272,3
31752,32,40.70956,-73.87714,3
42017,32,40.70387,-73.86053,3
36271,32,40.66392,-73.89008,3
39327,32,40.68415,-73.88168,3
42802,32,40.66145,-73.92564,3
17881,32,40.68674,-73.90822,3
35456,32,40.67628,-73.95134,3
38315,32,40.67976,-73.86424,3
42556,32,40.6739,-73.71983,3
17838,32,40.60139,-73.75646,3
41953,32,40.67065,-73.8658,5
30369,32,40.68456,-73.92952,3
40563,32,40.65341,-73.9398,5
43573,32,40.66076,-73.92777,3
42436,32,40.69385147,-73.75856018,3
36269,32,40.74128,-73.90261,3
41517,32,40.69394,-73.82079,3
43550,32,40.63568,-73.92452,3
6423,32,40.76243065,-73.93761735,3
42440,32,40.69757,-73.97158,3
34091,32,40.66263,-73.91694,3
40479,32,40.62349,-73.92584,3
38307,32,39.00328,-76.69785,3
22922,32,40.7316699,-73.84856301,3
37047,32,40.64521,-73.96116,5
21421,32,40.76731566,-73.91748492,3
31755,32,40.66932,-73.89343,3
18402,32,40.69085,-73.75706,4
42675,32,40.68572,-73.87458,3
36792,32,40.63791,-73.94171,3
37863,32,40.6745,-73.85814,3
33056,32,40.59449,-73.77015,3
41516,32,40.62046,-73.91822,5
41952,32,40.613101,-73.944639,3
35693,32,40.68381,-73.88258,3
7004,32,40.66297,-73.77054,5
43548,32,40.66062,-73.88767,3
40483,32,40.76241746,-73.77309519,4
36788,32,40.59642,-73.76505,5
37056,32,40.713,-73.78893,3
41520,32,40.6887,-73.91636,3
40486,32,40.75555368,-73.94585981,5
40300,32,40.717545,-73.901637,3
20478,32,40.58944,-73.94672,3
29576,32,40.71065,-73.98643,3
26585,32,40.73039728,-73.8298312,3
39366,32,40.82597,-73.93717,3
22536,32,40.76375,-73.92675,5
42439,32,40.68899,-73.92253,3
41973,32,40.66405,-73.93967,3
34097,32,40.69254022,-73.94073596,3
40557,32,40.81172,-73.95913,3
36774,32,40.729965,-73.89787997,3
23296,32,40.72207,-73.88381,5
8698,32,40.71336,-73.741609,5
39421,32,40.6706,-73.87055,5
41992,32,40.76731,-73.87379,5
16516,32,40.62051,-74.02402,3
31491,32,40.69611,-73.74031,3
31305,32,40.59218,-73.92636,3
39911,32,40.76259,-73.87685,3
31312,32,40.69443,-73.79481,3
33357,32,40.68304,-73.86846,3
23598,32,40.64861,-73.9619,4
40226,32,40.6278,-74.02471,3
17654,32,40.71211,-73.99544,3
36784,32,40.57201,-73.99763,4
6001,32,40.6584,-73.9145,3
36783,32,40.7879,-73.18875,5
37119,32,40.64517,-73.9464,3
36267,32,40.65277,-73.9657,3
40554,32,40.70895186,-73.82809518,3
32154,32,40.65717,-75.47597,5
33055,32,40.69209,-73.94076,3
17862,32,40.74519742,-73.75664779,3
29575,32,40.63333,-73.91492,3
30717,32,40.687841,-73.955074,5
21424,32,40.668613,-73.936064,3
42441,32,40.64976,-73.94836,3
30967,32,40.71710101,-73.73538091,3
43549,32,40.67886,-73.86892,3
41519,32,40.85702,-73.90836,3
30367,32,40.6247,-74.02184,3
43038,32,40.65586,-73.91154,5
27064,32,40.64639,-73.89249,3
31760,32,40.62603,-73.94171,5
26288,32,40.73613,-73.87821,5
26548,32,40.79838,-73.94775,3
39906,32,40.68011,-73.83637,3
42442,32,40.78451,-73.47887,3
33644,32,40.65074,-73.93525,3
18618,32,40.64974167,-73.96320333,3
19555,32,40.6959,-73.9786,3
35454,32,40.65116,-73.91663,3
26547,32,40.77435,-74.210453,3
42109,32,39.94444333,-75.14460667,3
29390,32,40.61547,-73.99748,3
17970,32,40.87914,-73.85482,3
42435,32,40.65383,-73.93277,3
31582,32,40.66458,-73.95757,5
42674,32,40.703463,-73.867104,3
39211,32,40.6863,-73.85601,3
31492,32,40.73923,-73.85453,3
17771,32,40.63432,-74.02432,4
42673,32,40.63314,-74.02899,3
36775,32,40.82971,-73.86893,3
30715,32,40.67995,-73.86541,3
30372,32,40.72081,-73.74208,3
43554,32,40.71091,-73.80676,3
30011,32,40.70400427,-73.76916204,3
5770,32,40.66907,-73.98746,4
22403,32,40.69578,-73.654994,3
6868,32,40.72171,-73.84458,3
24789,32,40.65944,-73.96008,3
43243,32,40.67678,-73.87079,3
30378,32,40.73263869,-73.9855054,3
34096,32,40.68675,-73.93596,3
26111,43,42.48205,-71.16007,3
31212,43,42.250015,-71.080419,5
31747,43,42.165112,-71.10562717,3
22127,43,42.22922033,-71.02978083,3
32091,43,42.27705,-71.08173,4
18302,43,42.64831,-71.31823,5
25675,43,42.99957,-71.42353,5
42475,43,42.32312,-71.08494,5
39730,43,41.88361,-71.36202,3
42350,43,42.6023,-71.30004,3
43609,43,41.65910817,-70.94398067,3
30529,43,41.88107667,-71.06619667,5
39781,43,42.29245,-71.08911,5
33712,43,42.29637,-71.06927,3
28878,43,42.53466,-70.95951,5
28112,43,42.4676,-70.92664,3
26113,43,42.28425,-71.08473,3
26112,43,42.40532,-71.03912,3
25668,43,41.63709,-70.45367,3
30889,43,42.69192,-71.24587,3
23839,43,42.63301,-71.33938,3
30326,43,42.38263,-71.23727,5
13245,43,42.31236,-71.09883,3
20063,43,42.29548,-71.07955,3
5650,43,42.27707,-71.07463,4
17821,43,42.17622,-71.20755,3
41422,43,42.04391,-71.88266,3
40594,43,42.29641,-71.45095,3
42349,43,42.46464,-70.95659,3
12060,43,42.46063,-70.98088,5
42365,43,42.129908,-70.944299,5
22892,43,42.4662506,-70.95059911,3
41485,43,42.320711,-71.061944,4
39780,43,42.4721,-70.95438,3
25792,43,42.6425,-71.3471,3
4035,43,41.83581,-70.99474,5
21228,43,42.31375,-71.05674,4
8135,43,42.45257,-71.07747,4
43610,43,42.25726,-71.7799,3
23027,43,42.42307,-71.15064,3
36928,43,42.46185,-70.96358,3
33570,43,42.17277517,-71.22027933,3
19168,43,42.43255,-71.07216,3
42174,43,42.95812,-71.45589,3
39779,43,42.18355,-71.08116,3
31106,43,42.40991033,-71.04575983,3
24414,43,42.2220006,-70.97179611,3
19947,43,42.35704,-71.24045,3
36929,43,42.49676333,-71.41775333,3
32456,43,42.41356,-71.05067,3
22932,43,42.35777599,-71.06320002,3
22655,43,42.51361,-70.94962,3
43393,43,42.220876,-70.968694,3
16993,43,42.28126,-71.08911,5
3303,43,42.40949367,-71.11336583,5
4543,43,42.28267,-71.07288,3
6119,43,42.29873,-71.08204,3
23335,43,42.28957,-71.08394,3
30525,43,42.24782,-70.98721,4
40625,43,41.847638,-71.4195435,5
5700,43,42.21941,-71.18183,5
42351,43,42.3030715,-71.11156917,3
24415,43,42.31731,-71.0528,3
40699,43,41.52785,-71.29329,3
25667,43,42.6971,-71.17908,3
33571,43,42.28747,-71.07314,3
42176,43,42.27932,-71.40258,3
21982,43,42.2371,-70.982246,3
20630,60,30.4874,-97.84662,3
31426,60,30.35981,-97.68134,3
30481,60,30.43093,-97.84172,3
39881,60,30.25988,-97.701,5
20456,60,30.40934,-97.69873,3
30244,60,30.5379,-97.54556,3
19607,60,30.28186,-97.67728,3
27249,60,30.53926,-97.54823,3
40691,60,30.52279,-97.70204,3
17161,60,30.35457993,-97.73642731,3
34216,60,30.44959166,-97.81605394,3
39585,60,30.451588,-97.636197,5
42832,60,30.30597,-97.7168,3
40442,60,30.30937,-97.68589,3
7918,60,30.00745,-95.44427,3
21535,60,30.48218,-97.82315,3
28991,60,30.48465,-97.57369,3
39584,60,30.477,-97.80774,3
27247,60,30.467503,-97.762098,3
40680,60,30.34828,-97.43194,3
39884,60,30.44894,-97.78272,3
11397,20,33.78478,-84.20099,3
2818,20,33.74459,-84.51346,4
4146,20,33.82780533,-84.31814383,5
28179,20,33.4195,-84.01534,3
14263,20,34.10816,-84.229155,3
42172,20,33.93659,-84.02114,3
4221,20,33.92942333,-84.1687,3
10225,20,33.52431,-83.98343,4
32271,20,33.89102017,-84.48205233,3
13136,20,33.97159017,-84.20648333,3
29014,20,33.94638,-84.1155,3
31467,20,33.68875,-84.44996,3
6812,20,33.88458,-84.49891,3
31676,20,33.83296,-83.96688,3
32229,20,33.54418,-84.53679,3
37581,20,33.583166,-84.323256,3
8686,20,33.89098,-84.10458,3
28873,20,33.750058,-84.732116,5
41556,20,33.6111,-84.43881017,3
42210,20,33.84988,-84.60172,3
36036,20,34.20694,-84.15137,3
33567,20,33.71174,-84.20619,3
32233,20,33.75561,-84.4161,3
32073,20,33.6676,-84.58539,5
14169,20,33.70211,-84.14237,3
42238,20,33.68188,-84.25615,3
8556,20,33.70414,-84.65564,3
4890,20,34.66282,-82.88998,3
36122,20,33.71832,-84.1363,5
31334,20,33.57057,-83.8537,3
16160,20,33.71036,-84.10228,3
28396,20,33.63277,-84.31992,3